868725,MPK Autobusy,149,05:26:00,05:28:00,most Grunwaldzki,Poczta Główna,51.11013606,17.05509252,51.1078565,17.04563742
868765,MPK Autobusy,149,06:52:00,06:54:00,most Grunwaldzki,PL. GRUNWALDZKI,51.11013327,17.0555734,51.11218871,17.06335752
868768,MPK Autobusy,149,07:26:00,07:28:00,most Grunwaldzki,Poczta Główna,51.11013606,17.05509252,51.1078565,17.04563742
868808,MPK Autobusy,149,08:52:00,08:54:00,most Grunwaldzki,PL. GRUNWALDZKI,51.11013327,17.0555734,51.11218871,17.06335752
868811,MPK Autobusy,149,09:35:00,09:37:00,most Grunwaldzki,Poczta Główna,51.11013606,17.05509252,51.1078565,17.04563742
868851,MPK Autobusy,149,10:52:00,10:55:00,most Grunwaldzki,PL. GRUNWALDZKI,51.11013327,17.0555734,51.11218871,17.06335752
868854,MPK Autobusy,149,11:35:00,11:37:00,most Grunwaldzki,Poczta Główna,51.11013606,17.05509252,51.1078565,17.04563742
868894,MPK Autobusy,149,12:52:00,12:55:00,most Grunwaldzki,PL. GRUNWALDZKI,51.11013327,17.0555734,51.11218871,17.06335752
868897,MPK Autobusy,149,13:35:00,13:37:00,most Grunwaldzki,Poczta Główna,51.11013606,17.05509252,51.1078565,17.04563742
868937,MPK Autobusy,149,14:52:00,14:55:00,most Grunwaldzki,PL. GRUNWALDZKI,51.11013327,17.0555734,51.11218871,17.06335752
868940,MPK Autobusy,149,15:35:00,15:37:00,most Grunwaldzki,Poczta Główna,51.11013606,17.05509252,51.1078565,17.04563742
868980,MPK Autobusy,149,16:52:00,16:55:00,most Grunwaldzki,PL. GRUNWALDZKI,51.11013327,17.0555734,51.11218871,17.06335752
868983,MPK Autobusy,149,17:35:00,17:37:00,most Grunwaldzki,Poczta Główna,51.11013606,17.05509252,51.1078565,17.04563742
869023,MPK Autobusy,149,18:52:00,18:55:00,most Grunwaldzki,PL. GRUNWALDZKI,51.11013327,17.0555734,51.11218871,17.06335752
869026,MPK Autobusy,149,19:35:00,19:37:00,most Grunwaldzki,Poczta Główna,51.11013606,17.05509252,51.1078565,17.04563742
869066,MPK Autobusy,149,20:42:00,20:45:00,most Grunwaldzki,PL. GRUNWALDZKI,51.11013327,17.0555734,51.11218871,17.06335752
869069,MPK Autobusy,149,21:30:00,21:32:00,most Grunwaldzki,Poczta Główna,51.11013606,17.05509252,51.1078565,17.04563742
869109,MPK Autobusy,149,22:37:00,22:40:00,most Grunwaldzki,PL. GRUNWALDZKI,51.11013327,17.0555734,51.11218871,17.06335752
869158,MPK Autobusy,149,05:22:00,05:24:00,most Grunwaldzki,PL. GRUNWALDZKI,51.11013327,17.0555734,51.11218871,17.06335752
869161,MPK Autobusy,149,06:01:00,06:03:00,most Grunwaldzki,Poczta Główna,51.11013606,17.05509252,51.1078565,17.04563742
869201,MPK Autobusy,149,07:22:00,07:24:00,most Grunwaldzki,PL. GRUNWALDZKI,51.11013327,17.0555734,51.11218871,17.06335752
869204,MPK Autobusy,149,07:56:00,07:58:00,most Grunwaldzki,Poczta Główna,51.11013606,17.05509252,51.1078565,17.04563742
869244,MPK Autobusy,149,09:26:00,09:29:00,most Grunwaldzki,PL. GRUNWALDZKI,51.11013327,17.0555734,51.11218871,17.06335752
869247,MPK Autobusy,149,10:05:00,10:07:00,most Grunwaldzki,Poczta Główna,51.11013606,17.05509252,51.1078565,17.04563742
869287,MPK Autobusy,149,11:22:00,11:25:00,most Grunwaldzki,PL. GRUNWALDZKI,51.11013327,17.0555734,51.11218871,17.06335752
869290,MPK Autobusy,149,12:05:00,12:07:00,most Grunwaldzki,Poczta Główna,51.11013606,17.05509252,51.1078565,17.04563742
869330,MPK Autobusy,149,13:22:00,13:25:00,most Grunwaldzki,PL. GRUNWALDZKI,51.11013327,17.0555734,51.11218871,17.06335752
869333,MPK Autobusy,149,14:05:00,14:07:00,most Grunwaldzki,Poczta Główna,51.11013606,17.05509252,51.1078565,17.04563742
869373,MPK Autobusy,149,15:22:00,15:25:00,most Grunwaldzki,PL. GRUNWALDZKI,51.11013327,17.0555734,51.11218871,17.06335752
869376,MPK Autobusy,149,16:05:00,16:07:00,most Grunwaldzki,Poczta Główna,51.11013606,17.05509252,51.1078565,17.04563742
869416,MPK Autobusy,149,17:22:00,17:25:00,most Grunwaldzki,PL. GRUNWALDZKI,51.11013327,17.0555734,51.11218871,17.06335752
869419,MPK Autobusy,149,18:05:00,18:07:00,most Grunwaldzki,Poczta Główna,51.11013606,17.05509252,51.1078565,17.04563742
869459,MPK Autobusy,149,19:22:00,19:25:00,most Grunwaldzki,PL. GRUNWALDZKI,51.11013327,17.0555734,51.11218871,17.06335752
869462,MPK Autobusy,149,20:00:00,20:02:00,most Grunwaldzki,Poczta Główna,51.11013606,17.05509252,51.1078565,17.04563742
869502,MPK Autobusy,149,21:07:00,21:10:00,most Grunwaldzki,PL. GRUNWALDZKI,51.11013327,17.0555734,51.11218871,17.06335752
869505,MPK Autobusy,149,22:00:00,22:02:00,most Grunwaldzki,Poczta Główna,51.11013606,17.05509252,51.1078565,17.04563742
869545,MPK Autobusy,149,23:06:00,23:07:00,most Grunwaldzki,PL. GRUNWALDZKI,51.11013327,17.0555734,51.11218871,17.06335752
869577,MPK Autobusy,149,04:56:00,04:58:00,most Grunwaldzki,Poczta Główna,51.11013606,17.05509252,51.1078565,17.04563742
869617,MPK Autobusy,149,06:22:00,06:24:00,most Grunwaldzki,PL. GRUNWALDZKI,51.11013327,17.0555734,51.11218871,17.06335752
869620,MPK Autobusy,149,06:56:00,06:58:00,most Grunwaldzki,Poczta Główna,51.11013606,17.05509252,51.1078565,17.04563742
869660,MPK Autobusy,149,08:22:00,08:24:00,most Grunwaldzki,PL. GRUNWALDZKI,51.11013327,17.0555734,51.11218871,17.06335752
869663,MPK Autobusy,149,08:56:00,08:58:00,most Grunwaldzki,Poczta Główna,51.11013606,17.05509252,51.1078565,17.04563742
869703,MPK Autobusy,149,10:22:00,10:25:00,most Grunwaldzki,PL. GRUNWALDZKI,51.11013327,17.0555734,51.11218871,17.06335752
869706,MPK Autobusy,149,11:05:00,11:07:00,most Grunwaldzki,Poczta Główna,51.11013606,17.05509252,51.1078565,17.04563742
869746,MPK Autobusy,149,12:22:00,12:25:00,most Grunwaldzki,PL. GRUNWALDZKI,51.11013327,17.0555734,51.11218871,17.06335752
869749,MPK Autobusy,149,13:05:00,13:07:00,most Grunwaldzki,Poczta Główna,51.11013606,17.05509252,51.1078565,17.04563742
869789,MPK Autobusy,149,14:22:00,14:25:00,most Grunwaldzki,PL. GRUNWALDZKI,51.11013327,17.0555734,51.11218871,17.06335752
869792,MPK Autobusy,149,15:05:00,15:07:00,most Grunwaldzki,Poczta Główna,51.11013606,17.05509252,51.1078565,17.04563742
869832,MPK Autobusy,149,16:22:00,16:25:00,most Grunwaldzki,PL. GRUNWALDZKI,51.11013327,17.0555734,51.11218871,17.06335752
869835,MPK Autobusy,149,17:05:00,17:07:00,most Grunwaldzki,Poczta Główna,51.11013606,17.05509252,51.1078565,17.04563742
869875,MPK Autobusy,149,18:22:00,18:25:00,most Grunwaldzki,PL. GRUNWALDZKI,51.11013327,17.0555734,51.11218871,17.06335752
869878,MPK Autobusy,149,19:05:00,19:07:00,most Grunwaldzki,Poczta Główna,51.11013606,17.05509252,51.1078565,17.04563742
869918,MPK Autobusy,149,20:20:00,20:23:00,most Grunwaldzki,PL. GRUNWALDZKI,51.11013327,17.0555734,51.11218871,17.06335752
869921,MPK Autobusy,149,21:00:00,21:02:00,most Grunwaldzki,Poczta Główna,51.11013606,17.05509252,51.1078565,17.04563742
869961,MPK Autobusy,149,22:07:00,22:10:00,most Grunwaldzki,PL. GRUNWALDZKI,51.11013327,17.0555734,51.11218871,17.06335752
869964,MPK Autobusy,149,22:45:00,22:47:00,most Grunwaldzki,Poczta Główna,51.11013606,17.05509252,51.1078565,17.04563742
870032,MPK Autobusy,149,05:52:00,05:54:00,most Grunwaldzki,PL. GRUNWALDZKI,51.11013327,17.0555734,51.11218871,17.06335752
870035,MPK Autobusy,149,06:26:00,06:28:00,most Grunwaldzki,Poczta Główna,51.11013606,17.05509252,51.1078565,17.04563742
870075,MPK Autobusy,149,07:52:00,07:54:00,most Grunwaldzki,PL. GRUNWALDZKI,51.11013327,17.0555734,51.11218871,17.06335752
870078,MPK Autobusy,149,08:26:00,08:28:00,most Grunwaldzki,Poczta Główna,51.11013606,17.05509252,51.1078565,17.04563742
870118,MPK Autobusy,149,09:52:00,09:55:00,most Grunwaldzki,PL. GRUNWALDZKI,51.11013327,17.0555734,51.11218871,17.06335752
870121,MPK Autobusy,149,10:35:00,10:37:00,most Grunwaldzki,Poczta Główna,51.11013606,17.05509252,51.1078565,17.04563742
870161,MPK Autobusy,149,11:52:00,11:55:00,most Grunwaldzki,PL. GRUNWALDZKI,51.11013327,17.0555734,51.11218871,17.06335752
870164,MPK Autobusy,149,12:35:00,12:37:00,most Grunwaldzki,Poczta Główna,51.11013606,17.05509252,51.1078565,17.04563742
870204,MPK Autobusy,149,13:52:00,13:55:00,most Grunwaldzki,PL. GRUNWALDZKI,51.11013327,17.0555734,51.11218871,17.06335752
870207,MPK Autobusy,149,14:35:00,14:37:00,most Grunwaldzki,Poczta Główna,51.11013606,17.05509252,51.1078565,17.04563742
870247,MPK Autobusy,149,15:52:00,15:55:00,most Grunwaldzki,PL. GRUNWALDZKI,51.11013327,17.0555734,51.11218871,17.06335752
870250,MPK Autobusy,149,16:35:00,16:37:00,most Grunwaldzki,Poczta Główna,51.11013606,17.05509252,51.1078565,17.04563742
870290,MPK Autobusy,149,17:52:00,17:55:00,most Grunwaldzki,PL. GRUNWALDZKI,51.11013327,17.0555734,51.11218871,17.06335752
870293,MPK Autobusy,149,18:35:00,18:37:00,most Grunwaldzki,Poczta Główna,51.11013606,17.05509252,51.1078565,17.04563742
870333,MPK Autobusy,149,19:52:00,19:55:00,most Grunwaldzki,PL. GRUNWALDZKI,51.11013327,17.0555734,51.11218871,17.06335752
870336,MPK Autobusy,149,20:30:00,20:32:00,most Grunwaldzki,Poczta Główna,51.11013606,17.05509252,51.1078565,17.04563742
870376,MPK Autobusy,149,21:37:00,21:40:00,most Grunwaldzki,PL. GRUNWALDZKI,51.11013327,17.0555734,51.11218871,17.06335752
870379,MPK Autobusy,149,22:30:00,22:32:00,most Grunwaldzki,Poczta Główna,51.11013606,17.05509252,51.1078565,17.04563742
870430,MPK Autobusy,149,09:35:00,09:37:00,most Grunwaldzki,Poczta Główna,51.11013606,17.05509252,51.1078565,17.04563742
870470,MPK Autobusy,149,10:52:00,10:55:00,most Grunwaldzki,PL. GRUNWALDZKI,51.11013327,17.0555734,51.11218871,17.06335752
870473,MPK Autobusy,149,11:35:00,11:37:00,most Grunwaldzki,Poczta Główna,51.11013606,17.05509252,51.1078565,17.04563742
870513,MPK Autobusy,149,12:52:00,12:55:00,most Grunwaldzki,PL. GRUNWALDZKI,51.11013327,17.0555734,51.11218871,17.06335752
870516,MPK Autobusy,149,13:35:00,13:37:00,most Grunwaldzki,Poczta Główna,51.11013606,17.05509252,51.1078565,17.04563742
870556,MPK Autobusy,149,14:52:00,14:55:00,most Grunwaldzki,PL. GRUNWALDZKI,51.11013327,17.0555734,51.11218871,17.06335752
870559,MPK Autobusy,149,15:35:00,15:37:00,most Grunwaldzki,Poczta Główna,51.11013606,17.05509252,51.1078565,17.04563742
870599,MPK Autobusy,149,16:52:00,16:55:00,most Grunwaldzki,PL. GRUNWALDZKI,51.11013327,17.0555734,51.11218871,17.06335752
870602,MPK Autobusy,149,17:35:00,17:37:00,most Grunwaldzki,Poczta Główna,51.11013606,17.05509252,51.1078565,17.04563742
870642,MPK Autobusy,149,18:52:00,18:55:00,most Grunwaldzki,PL. GRUNWALDZKI,51.11013327,17.0555734,51.11218871,17.06335752
870645,MPK Autobusy,149,19:35:00,19:37:00,most Grunwaldzki,Poczta Główna,51.11013606,17.05509252,51.1078565,17.04563742
870685,MPK Autobusy,149,20:42:00,20:45:00,most Grunwaldzki,PL. GRUNWALDZKI,51.11013327,17.0555734,51.11218871,17.06335752
870688,MPK Autobusy,149,21:30:00,21:32:00,most Grunwaldzki,Poczta Główna,51.11013606,17.05509252,51.1078565,17.04563742
870728,MPK Autobusy,149,22:37:00,22:40:00,most Grunwaldzki,PL. GRUNWALDZKI,51.11013327,17.0555734,51.11218871,17.06335752
870777,MPK Autobusy,149,09:26:00,09:29:00,most Grunwaldzki,PL. GRUNWALDZKI,51.11013327,17.0555734,51.11218871,17.06335752
870780,MPK Autobusy,149,10:05:00,10:07:00,most Grunwaldzki,Poczta Główna,51.11013606,17.05509252,51.1078565,17.04563742
870820,MPK Autobusy,149,11:22:00,11:25:00,most Grunwaldzki,PL. GRUNWALDZKI,51.11013327,17.0555734,51.11218871,17.06335752
870823,MPK Autobusy,149,12:05:00,12:07:00,most Grunwaldzki,Poczta Główna,51.11013606,17.05509252,51.1078565,17.04563742
870863,MPK Autobusy,149,13:22:00,13:25:00,most Grunwaldzki,PL. GRUNWALDZKI,51.11013327,17.0555734,51.11218871,17.06335752
870866,MPK Autobusy,149,14:05:00,14:07:00,most Grunwaldzki,Poczta Główna,51.11013606,17.05509252,51.1078565,17.04563742
870906,MPK Autobusy,149,15:22:00,15:25:00,most Grunwaldzki,PL. GRUNWALDZKI,51.11013327,17.0555734,51.11218871,17.06335752
870909,MPK Autobusy,149,16:05:00,16:07:00,most Grunwaldzki,Poczta Główna,51.11013606,17.05509252,51.1078565,17.04563742
870949,MPK Autobusy,149,17:22:00,17:25:00,most Grunwaldzki,PL. GRUNWALDZKI,51.11013327,17.0555734,51.11218871,17.06335752
870952,MPK Autobusy,149,18:05:00,18:07:00,most Grunwaldzki,Poczta Główna,51.11013606,17.05509252,51.1078565,17.04563742
870992,MPK Autobusy,149,19:22:00,19:25:00,most Grunwaldzki,PL. GRUNWALDZKI,51.11013327,17.0555734,51.11218871,17.06335752
870995,MPK Autobusy,149,20:00:00,20:02:00,most Grunwaldzki,Poczta Główna,51.11013606,17.05509252,51.1078565,17.04563742
871035,MPK Autobusy,149,21:07:00,21:10:00,most Grunwaldzki,PL. GRUNWALDZKI,51.11013327,17.0555734,51.11218871,17.06335752
871038,MPK Autobusy,149,22:00:00,22:02:00,most Grunwaldzki,Poczta Główna,51.11013606,17.05509252,51.1078565,17.04563742
871078,MPK Autobusy,149,23:06:00,23:07:00,most Grunwaldzki,PL. GRUNWALDZKI,51.11013327,17.0555734,51.11218871,17.06335752
871110,MPK Autobusy,149,08:56:00,08:58:00,most Grunwaldzki,Poczta Główna,51.11013606,17.05509252,51.1078565,17.04563742
871150,MPK Autobusy,149,10:22:00,10:25:00,most Grunwaldzki,PL. GRUNWALDZKI,51.11013327,17.0555734,51.11218871,17.06335752
871153,MPK Autobusy,149,11:05:00,11:07:00,most Grunwaldzki,Poczta Główna,51.11013606,17.05509252,51.1078565,17.04563742
871193,MPK Autobusy,149,12:22:00,12:25:00,most Grunwaldzki,PL. GRUNWALDZKI,51.11013327,17.0555734,51.11218871,17.06335752
871196,MPK Autobusy,149,13:05:00,13:07:00,most Grunwaldzki,Poczta Główna,51.11013606,17.05509252,51.1078565,17.04563742
871236,MPK Autobusy,149,14:22:00,14:25:00,most Grunwaldzki,PL. GRUNWALDZKI,51.11013327,17.0555734,51.11218871,17.06335752
871239,MPK Autobusy,149,15:05:00,15:07:00,most Grunwaldzki,Poczta Główna,51.11013606,17.05509252,51.1078565,17.04563742
871279,MPK Autobusy,149,16:22:00,16:25:00,most Grunwaldzki,PL. GRUNWALDZKI,51.11013327,17.0555734,51.11218871,17.06335752
871282,MPK Autobusy,149,17:05:00,17:07:00,most Grunwaldzki,Poczta Główna,51.11013606,17.05509252,51.1078565,17.04563742
871322,MPK Autobusy,149,18:22:00,18:25:00,most Grunwaldzki,PL. GRUNWALDZKI,51.11013327,17.0555734,51.11218871,17.06335752
871325,MPK Autobusy,149,19:05:00,19:07:00,most Grunwaldzki,Poczta Główna,51.11013606,17.05509252,51.1078565,17.04563742
871365,MPK Autobusy,149,20:20:00,20:23:00,most Grunwaldzki,PL. GRUNWALDZKI,51.11013327,17.0555734,51.11218871,17.06335752
871368,MPK Autobusy,149,21:00:00,21:02:00,most Grunwaldzki,Poczta Główna,51.11013606,17.05509252,51.1078565,17.04563742
871408,MPK Autobusy,149,22:07:00,22:10:00,most Grunwaldzki,PL. GRUNWALDZKI,51.11013327,17.0555734,51.11218871,17.06335752
871411,MPK Autobusy,149,22:45:00,22:47:00,most Grunwaldzki,Poczta Główna,51.11013606,17.05509252,51.1078565,17.04563742
871479,MPK Autobusy,149,09:52:00,09:55:00,most Grunwaldzki,PL. GRUNWALDZKI,51.11013327,17.0555734,51.11218871,17.06335752
871482,MPK Autobusy,149,10:35:00,10:37:00,most Grunwaldzki,Poczta Główna,51.11013606,17.05509252,51.1078565,17.04563742
871522,MPK Autobusy,149,11:52:00,11:55:00,most Grunwaldzki,PL. GRUNWALDZKI,51.11013327,17.0555734,51.11218871,17.06335752
871525,MPK Autobusy,149,12:35:00,12:37:00,most Grunwaldzki,Poczta Główna,51.11013606,17.05509252,51.1078565,17.04563742
871565,MPK Autobusy,149,13:52:00,13:55:00,most Grunwaldzki,PL. GRUNWALDZKI,51.11013327,17.0555734,51.11218871,17.06335752
871568,MPK Autobusy,149,14:35:00,14:37:00,most Grunwaldzki,Poczta Główna,51.11013606,17.05509252,51.1078565,17.04563742
871608,MPK Autobusy,149,15:52:00,15:55:00,most Grunwaldzki,PL. GRUNWALDZKI,51.11013327,17.0555734,51.11218871,17.06335752
871611,MPK Autobusy,149,16:35:00,16:37:00,most Grunwaldzki,Poczta Główna,51.11013606,17.05509252,51.1078565,17.04563742
871651,MPK Autobusy,149,17:52:00,17:55:00,most Grunwaldzki,PL. GRUNWALDZKI,51.11013327,17.0555734,51.11218871,17.06335752
871654,MPK Autobusy,149,18:35:00,18:37:00,most Grunwaldzki,Poczta Główna,51.11013606,17.05509252,51.1078565,17.04563742
871694,MPK Autobusy,149,19:52:00,19:55:00,most Grunwaldzki,PL. GRUNWALDZKI,51.11013327,17.0555734,51.11218871,17.06335752
871697,MPK Autobusy,149,20:30:00,20:32:00,most Grunwaldzki,Poczta Główna,51.11013606,17.05509252,51.1078565,17.04563742
871737,MPK Autobusy,149,21:37:00,21:40:00,most Grunwaldzki,PL. GRUNWALDZKI,51.11013327,17.0555734,51.11218871,17.06335752
871740,MPK Autobusy,149,22:30:00,22:32:00,most Grunwaldzki,Poczta Główna,51.11013606,17.05509252,51.1078565,17.04563742
871776,MPK Autobusy,149,03:58:00,04:00:00,most Grunwaldzki,Poczta Główna,51.11013606,17.05509252,51.1078565,17.04563742
871816,MPK Autobusy,149,05:10:00,05:13:00,most Grunwaldzki,PL. GRUNWALDZKI,51.11013327,17.0555734,51.11218871,17.06335752
871819,MPK Autobusy,149,05:49:00,05:51:00,most Grunwaldzki,Poczta Główna,51.11013606,17.05509252,51.1078565,17.04563742
871859,MPK Autobusy,149,07:24:00,07:27:00,most Grunwaldzki,PL. GRUNWALDZKI,51.11013327,17.0555734,51.11218871,17.06335752
871862,MPK Autobusy,149,07:46:00,07:48:00,most Grunwaldzki,Poczta Główna,51.11013606,17.05509252,51.1078565,17.04563742
871902,MPK Autobusy,149,09:25:00,09:28:00,most Grunwaldzki,PL. GRUNWALDZKI,51.11013327,17.0555734,51.11218871,17.06335752
871905,MPK Autobusy,149,09:39:00,09:41:00,most Grunwaldzki,Poczta Główna,51.11013606,17.05509252,51.1078565,17.04563742
871945,MPK Autobusy,149,11:23:00,11:26:00,most Grunwaldzki,PL. GRUNWALDZKI,51.11013327,17.0555734,51.11218871,17.06335752
871948,MPK Autobusy,149,11:39:00,11:41:00,most Grunwaldzki,Poczta Główna,51.11013606,17.05509252,51.1078565,17.04563742
871988,MPK Autobusy,149,13:23:00,13:26:00,most Grunwaldzki,PL. GRUNWALDZKI,51.11013327,17.0555734,51.11218871,17.06335752
871991,MPK Autobusy,149,13:44:00,13:46:00,most Grunwaldzki,Poczta Główna,51.11013606,17.05509252,51.1078565,17.04563742
872031,MPK Autobusy,149,15:07:00,15:11:00,most Grunwaldzki,PL. GRUNWALDZKI,51.11013327,17.0555734,51.11218871,17.06335752
872034,MPK Autobusy,149,15:43:00,15:46:00,most Grunwaldzki,Poczta Główna,51.11013606,17.05509252,51.1078565,17.04563742
872074,MPK Autobusy,149,17:08:00,17:11:00,most Grunwaldzki,PL. GRUNWALDZKI,51.11013327,17.0555734,51.11218871,17.06335752
872077,MPK Autobusy,149,17:44:00,17:47:00,most Grunwaldzki,Poczta Główna,51.11013606,17.05509252,51.1078565,17.04563742
872117,MPK Autobusy,149,19:00:00,19:03:00,most Grunwaldzki,PL. GRUNWALDZKI,51.11013327,17.0555734,51.11218871,17.06335752
872120,MPK Autobusy,149,19:34:00,19:36:00,most Grunwaldzki,Poczta Główna,51.11013606,17.05509252,51.1078565,17.04563742
872160,MPK Autobusy,149,20:42:00,20:45:00,most Grunwaldzki,PL. GRUNWALDZKI,51.11013327,17.0555734,51.11218871,17.06335752
872163,MPK Autobusy,149,21:30:00,21:32:00,most Grunwaldzki,Poczta Główna,51.11013606,17.05509252,51.1078565,17.04563742
872203,MPK Autobusy,149,22:37:00,22:40:00,most Grunwaldzki,PL. GRUNWALDZKI,51.11013327,17.0555734,51.11218871,17.06335752
872225,MPK Autobusy,149,05:43:00,05:46:00,most Grunwaldzki,PL. GRUNWALDZKI,51.11013327,17.0555734,51.11218871,17.06335752
872228,MPK Autobusy,149,06:21:00,06:23:00,most Grunwaldzki,Poczta Główna,51.11013606,17.05509252,51.1078565,17.04563742
872268,MPK Autobusy,149,07:54:00,07:57:00,most Grunwaldzki,PL. GRUNWALDZKI,51.11013327,17.0555734,51.11218871,17.06335752
872271,MPK Autobusy,149,08:09:00,08:11:00,most Grunwaldzki,Poczta Główna,51.11013606,17.05509252,51.1078565,17.04563742
872311,MPK Autobusy,149,09:53:00,09:56:00,most Grunwaldzki,PL. GRUNWALDZKI,51.11013327,17.0555734,51.11218871,17.06335752
872314,MPK Autobusy,149,10:09:00,10:11:00,most Grunwaldzki,Poczta Główna,51.11013606,17.05509252,51.1078565,17.04563742
872354,MPK Autobusy,149,11:53:00,11:56:00,most Grunwaldzki,PL. GRUNWALDZKI,51.11013327,17.0555734,51.11218871,17.06335752
872357,MPK Autobusy,149,12:09:00,12:11:00,most Grunwaldzki,Poczta Główna,51.11013606,17.05509252,51.1078565,17.04563742
872397,MPK Autobusy,149,13:53:00,13:56:00,most Grunwaldzki,PL. GRUNWALDZKI,51.11013327,17.0555734,51.11218871,17.06335752
872400,MPK Autobusy,149,14:14:00,14:17:00,most Grunwaldzki,Poczta Główna,51.11013606,17.05509252,51.1078565,17.04563742
872440,MPK Autobusy,149,15:37:00,15:41:00,most Grunwaldzki,PL. GRUNWALDZKI,51.11013327,17.0555734,51.11218871,17.06335752
872443,MPK Autobusy,149,16:13:00,16:16:00,most Grunwaldzki,Poczta Główna,51.11013606,17.05509252,51.1078565,17.04563742
872483,MPK Autobusy,149,17:37:00,17:40:00,most Grunwaldzki,PL. GRUNWALDZKI,51.11013327,17.0555734,51.11218871,17.06335752
872486,MPK Autobusy,149,18:04:00,18:06:00,most Grunwaldzki,Poczta Główna,51.11013606,17.05509252,51.1078565,17.04563742
872526,MPK Autobusy,149,19:30:00,19:33:00,most Grunwaldzki,PL. GRUNWALDZKI,51.11013327,17.0555734,51.11218871,17.06335752
872529,MPK Autobusy,149,19:58:00,20:00:00,most Grunwaldzki,Poczta Główna,51.11013606,17.05509252,51.1078565,17.04563742
872569,MPK Autobusy,149,21:07:00,21:10:00,most Grunwaldzki,PL. GRUNWALDZKI,51.11013327,17.0555734,51.11218871,17.06335752
872572,MPK Autobusy,149,22:00:00,22:02:00,most Grunwaldzki,Poczta Główna,51.11013606,17.05509252,51.1078565,17.04563742
872612,MPK Autobusy,149,23:06:00,23:07:00,most Grunwaldzki,PL. GRUNWALDZKI,51.11013327,17.0555734,51.11218871,17.06335752
872615,MPK Autobusy,149,05:11:00,05:13:00,most Grunwaldzki,Poczta Główna,51.11013606,17.05509252,51.1078565,17.04563742
872655,MPK Autobusy,149,06:17:00,06:20:00,most Grunwaldzki,PL. GRUNWALDZKI,51.11013327,17.0555734,51.11218871,17.06335752
872658,MPK Autobusy,149,06:51:00,06:53:00,most Grunwaldzki,Poczta Główna,51.11013606,17.05509252,51.1078565,17.04563742
872698,MPK Autobusy,149,08:22:00,08:25:00,most Grunwaldzki,PL. GRUNWALDZKI,51.11013327,17.0555734,51.11218871,17.06335752
872701,MPK Autobusy,149,08:40:00,08:42:00,most Grunwaldzki,Poczta Główna,51.11013606,17.05509252,51.1078565,17.04563742
872741,MPK Autobusy,149,10:23:00,10:26:00,most Grunwaldzki,PL. GRUNWALDZKI,51.11013327,17.0555734,51.11218871,17.06335752
872744,MPK Autobusy,149,10:39:00,10:41:00,most Grunwaldzki,Poczta Główna,51.11013606,17.05509252,51.1078565,17.04563742
872784,MPK Autobusy,149,12:23:00,12:26:00,most Grunwaldzki,PL. GRUNWALDZKI,51.11013327,17.0555734,51.11218871,17.06335752
872787,MPK Autobusy,149,12:39:00,12:41:00,most Grunwaldzki,Poczta Główna,51.11013606,17.05509252,51.1078565,17.04563742
872827,MPK Autobusy,149,14:17:00,14:20:00,most Grunwaldzki,PL. GRUNWALDZKI,51.11013327,17.0555734,51.11218871,17.06335752
872830,MPK Autobusy,149,14:44:00,14:47:00,most Grunwaldzki,Poczta Główna,51.11013606,17.05509252,51.1078565,17.04563742
872870,MPK Autobusy,149,16:07:00,16:11:00,most Grunwaldzki,PL. GRUNWALDZKI,51.11013327,17.0555734,51.11218871,17.06335752
872873,MPK Autobusy,149,16:43:00,16:46:00,most Grunwaldzki,Poczta Główna,51.11013606,17.05509252,51.1078565,17.04563742
872913,MPK Autobusy,149,18:07:00,18:10:00,most Grunwaldzki,PL. GRUNWALDZKI,51.11013327,17.0555734,51.11218871,17.06335752
872916,MPK Autobusy,149,18:34:00,18:36:00,most Grunwaldzki,Poczta Główna,51.11013606,17.05509252,51.1078565,17.04563742
872956,MPK Autobusy,149,19:52:00,19:55:00,most Grunwaldzki,PL. GRUNWALDZKI,51.11013327,17.0555734,51.11218871,17.06335752
872959,MPK Autobusy,149,20:30:00,20:32:00,most Grunwaldzki,Poczta Główna,51.11013606,17.05509252,51.1078565,17.04563742
872999,MPK Autobusy,149,21:37:00,21:40:00,most Grunwaldzki,PL. GRUNWALDZKI,51.11013327,17.0555734,51.11218871,17.06335752
873002,MPK Autobusy,149,22:30:00,22:32:00,most Grunwaldzki,Poczta Główna,51.11013606,17.05509252,51.1078565,17.04563742
873042,MPK Autobusy,149,06:52:00,06:55:00,most Grunwaldzki,PL. GRUNWALDZKI,51.11013327,17.0555734,51.11218871,17.06335752
873045,MPK Autobusy,149,07:16:00,07:18:00,most Grunwaldzki,Poczta Główna,51.11013606,17.05509252,51.1078565,17.04563742
873085,MPK Autobusy,149,08:52:00,08:55:00,most Grunwaldzki,PL. GRUNWALDZKI,51.11013327,17.0555734,51.11218871,17.06335752
873088,MPK Autobusy,149,09:10:00,09:12:00,most Grunwaldzki,Poczta Główna,51.11013606,17.05509252,51.1078565,17.04563742
873128,MPK Autobusy,149,10:53:00,10:56:00,most Grunwaldzki,PL. GRUNWALDZKI,51.11013327,17.0555734,51.11218871,17.06335752
873131,MPK Autobusy,149,11:09:00,11:11:00,most Grunwaldzki,Poczta Główna,51.11013606,17.05509252,51.1078565,17.04563742
873171,MPK Autobusy,149,12:53:00,12:56:00,most Grunwaldzki,PL. GRUNWALDZKI,51.11013327,17.0555734,51.11218871,17.06335752
873174,MPK Autobusy,149,13:19:00,13:21:00,most Grunwaldzki,Poczta Główna,51.11013606,17.05509252,51.1078565,17.04563742
873214,MPK Autobusy,149,14:37:00,14:40:00,most Grunwaldzki,PL. GRUNWALDZKI,51.11013327,17.0555734,51.11218871,17.06335752
873217,MPK Autobusy,149,15:13:00,15:16:00,most Grunwaldzki,Poczta Główna,51.11013606,17.05509252,51.1078565,17.04563742
873257,MPK Autobusy,149,16:39:00,16:43:00,most Grunwaldzki,PL. GRUNWALDZKI,51.11013327,17.0555734,51.11218871,17.06335752
873260,MPK Autobusy,149,17:14:00,17:17:00,most Grunwaldzki,Poczta Główna,51.11013606,17.05509252,51.1078565,17.04563742
873300,MPK Autobusy,149,18:30:00,18:33:00,most Grunwaldzki,PL. GRUNWALDZKI,51.11013327,17.0555734,51.11218871,17.06335752
873303,MPK Autobusy,149,19:04:00,19:06:00,most Grunwaldzki,Poczta Główna,51.11013606,17.05509252,51.1078565,17.04563742
873343,MPK Autobusy,149,20:19:00,20:22:00,most Grunwaldzki,PL. GRUNWALDZKI,51.11013327,17.0555734,51.11218871,17.06335752
873346,MPK Autobusy,149,21:00:00,21:02:00,most Grunwaldzki,Poczta Główna,51.11013606,17.05509252,51.1078565,17.04563742
873386,MPK Autobusy,149,22:07:00,22:10:00,most Grunwaldzki,PL. GRUNWALDZKI,51.11013327,17.0555734,51.11218871,17.06335752
873389,MPK Autobusy,149,22:45:00,22:47:00,most Grunwaldzki,Poczta Główna,51.11013606,17.05509252,51.1078565,17.04563742
873410,MPK Autobusy,149,03:58:00,04:00:00,most Grunwaldzki,Poczta Główna,51.11013606,17.05509252,51.1078565,17.04563742
873450,MPK Autobusy,149,05:10:00,05:13:00,most Grunwaldzki,PL. GRUNWALDZKI,51.11013327,17.0555734,51.11218871,17.06335752
873453,MPK Autobusy,149,05:49:00,05:51:00,most Grunwaldzki,Poczta Główna,51.11013606,17.05509252,51.1078565,17.04563742
873493,MPK Autobusy,149,07:24:00,07:27:00,most Grunwaldzki,PL. GRUNWALDZKI,51.11013327,17.0555734,51.11218871,17.06335752
873496,MPK Autobusy,149,07:46:00,07:48:00,most Grunwaldzki,Poczta Główna,51.11013606,17.05509252,51.1078565,17.04563742
873536,MPK Autobusy,149,09:25:00,09:28:00,most Grunwaldzki,PL. GRUNWALDZKI,51.11013327,17.0555734,51.11218871,17.06335752
873539,MPK Autobusy,149,09:39:00,09:41:00,most Grunwaldzki,Poczta Główna,51.11013606,17.05509252,51.1078565,17.04563742
873579,MPK Autobusy,149,11:23:00,11:26:00,most Grunwaldzki,PL. GRUNWALDZKI,51.11013327,17.0555734,51.11218871,17.06335752
873582,MPK Autobusy,149,11:39:00,11:41:00,most Grunwaldzki,Poczta Główna,51.11013606,17.05509252,51.1078565,17.04563742
873622,MPK Autobusy,149,13:23:00,13:26:00,most Grunwaldzki,PL. GRUNWALDZKI,51.11013327,17.0555734,51.11218871,17.06335752
873625,MPK Autobusy,149,13:44:00,13:46:00,most Grunwaldzki,Poczta Główna,51.11013606,17.05509252,51.1078565,17.04563742
873665,MPK Autobusy,149,15:07:00,15:11:00,most Grunwaldzki,PL. GRUNWALDZKI,51.11013327,17.0555734,51.11218871,17.06335752
873668,MPK Autobusy,149,15:43:00,15:46:00,most Grunwaldzki,Poczta Główna,51.11013606,17.05509252,51.1078565,17.04563742
873708,MPK Autobusy,149,17:08:00,17:11:00,most Grunwaldzki,PL. GRUNWALDZKI,51.11013327,17.0555734,51.11218871,17.06335752
873711,MPK Autobusy,149,17:44:00,17:47:00,most Grunwaldzki,Poczta Główna,51.11013606,17.05509252,51.1078565,17.04563742
873751,MPK Autobusy,149,19:00:00,19:03:00,most Grunwaldzki,PL. GRUNWALDZKI,51.11013327,17.0555734,51.11218871,17.06335752
873754,MPK Autobusy,149,19:34:00,19:36:00,most Grunwaldzki,Poczta Główna,51.11013606,17.05509252,51.1078565,17.04563742
873794,MPK Autobusy,149,20:42:00,20:45:00,most Grunwaldzki,PL. GRUNWALDZKI,51.11013327,17.0555734,51.11218871,17.06335752
873797,MPK Autobusy,149,21:30:00,21:32:00,most Grunwaldzki,Poczta Główna,51.11013606,17.05509252,51.1078565,17.04563742
873837,MPK Autobusy,149,22:37:00,22:40:00,most Grunwaldzki,PL. GRUNWALDZKI,51.11013327,17.0555734,51.11218871,17.06335752
873859,MPK Autobusy,149,05:43:00,05:46:00,most Grunwaldzki,PL. GRUNWALDZKI,51.11013327,17.0555734,51.11218871,17.06335752
873862,MPK Autobusy,149,06:21:00,06:23:00,most Grunwaldzki,Poczta Główna,51.11013606,17.05509252,51.1078565,17.04563742
873902,MPK Autobusy,149,07:54:00,07:57:00,most Grunwaldzki,PL. GRUNWALDZKI,51.11013327,17.0555734,51.11218871,17.06335752
873905,MPK Autobusy,149,08:09:00,08:11:00,most Grunwaldzki,Poczta Główna,51.11013606,17.05509252,51.1078565,17.04563742
873945,MPK Autobusy,149,09:53:00,09:56:00,most Grunwaldzki,PL. GRUNWALDZKI,51.11013327,17.0555734,51.11218871,17.06335752
873948,MPK Autobusy,149,10:09:00,10:11:00,most Grunwaldzki,Poczta Główna,51.11013606,17.05509252,51.1078565,17.04563742
873988,MPK Autobusy,149,11:53:00,11:56:00,most Grunwaldzki,PL. GRUNWALDZKI,51.11013327,17.0555734,51.11218871,17.06335752
873991,MPK Autobusy,149,12:09:00,12:11:00,most Grunwaldzki,Poczta Główna,51.11013606,17.05509252,51.1078565,17.04563742
874031,MPK Autobusy,149,13:53:00,13:56:00,most Grunwaldzki,PL. GRUNWALDZKI,51.11013327,17.0555734,51.11218871,17.06335752
874034,MPK Autobusy,149,14:14:00,14:17:00,most Grunwaldzki,Poczta Główna,51.11013606,17.05509252,51.1078565,17.04563742
874074,MPK Autobusy,149,15:37:00,15:41:00,most Grunwaldzki,PL. GRUNWALDZKI,51.11013327,17.0555734,51.11218871,17.06335752
874077,MPK Autobusy,149,16:13:00,16:16:00,most Grunwaldzki,Poczta Główna,51.11013606,17.05509252,51.1078565,17.04563742
874117,MPK Autobusy,149,17:37:00,17:40:00,most Grunwaldzki,PL. GRUNWALDZKI,51.11013327,17.0555734,51.11218871,17.06335752
874120,MPK Autobusy,149,18:04:00,18:06:00,most Grunwaldzki,Poczta Główna,51.11013606,17.05509252,51.1078565,17.04563742
874160,MPK Autobusy,149,19:30:00,19:33:00,most Grunwaldzki,PL. GRUNWALDZKI,51.11013327,17.0555734,51.11218871,17.06335752
874163,MPK Autobusy,149,19:58:00,20:00:00,most Grunwaldzki,Poczta Główna,51.11013606,17.05509252,51.1078565,17.04563742
874203,MPK Autobusy,149,21:07:00,21:10:00,most Grunwaldzki,PL. GRUNWALDZKI,51.11013327,17.0555734,51.11218871,17.06335752
874206,MPK Autobusy,149,22:00:00,22:02:00,most Grunwaldzki,Poczta Główna,51.11013606,17.05509252,51.1078565,17.04563742
874246,MPK Autobusy,149,23:06:00,23:07:00,most Grunwaldzki,PL. GRUNWALDZKI,51.11013327,17.0555734,51.11218871,17.06335752
874249,MPK Autobusy,149,05:11:00,05:13:00,most Grunwaldzki,Poczta Główna,51.11013606,17.05509252,51.1078565,17.04563742
874289,MPK Autobusy,149,06:17:00,06:20:00,most Grunwaldzki,PL. GRUNWALDZKI,51.11013327,17.0555734,51.11218871,17.06335752
874292,MPK Autobusy,149,06:51:00,06:53:00,most Grunwaldzki,Poczta Główna,51.11013606,17.05509252,51.1078565,17.04563742
874332,MPK Autobusy,149,08:22:00,08:25:00,most Grunwaldzki,PL. GRUNWALDZKI,51.11013327,17.0555734,51.11218871,17.06335752
874335,MPK Autobusy,149,08:40:00,08:42:00,most Grunwaldzki,Poczta Główna,51.11013606,17.05509252,51.1078565,17.04563742
874375,MPK Autobusy,149,10:23:00,10:26:00,most Grunwaldzki,PL. GRUNWALDZKI,51.11013327,17.0555734,51.11218871,17.06335752
874378,MPK Autobusy,149,10:39:00,10:41:00,most Grunwaldzki,Poczta Główna,51.11013606,17.05509252,51.1078565,17.04563742
874418,MPK Autobusy,149,12:23:00,12:26:00,most Grunwaldzki,PL. GRUNWALDZKI,51.11013327,17.0555734,51.11218871,17.06335752
874421,MPK Autobusy,149,12:39:00,12:41:00,most Grunwaldzki,Poczta Główna,51.11013606,17.05509252,51.1078565,17.04563742
874461,MPK Autobusy,149,14:17:00,14:20:00,most Grunwaldzki,PL. GRUNWALDZKI,51.11013327,17.0555734,51.11218871,17.06335752
874464,MPK Autobusy,149,14:44:00,14:47:00,most Grunwaldzki,Poczta Główna,51.11013606,17.05509252,51.1078565,17.04563742
874504,MPK Autobusy,149,16:07:00,16:11:00,most Grunwaldzki,PL. GRUNWALDZKI,51.11013327,17.0555734,51.11218871,17.06335752
874507,MPK Autobusy,149,16:43:00,16:46:00,most Grunwaldzki,Poczta Główna,51.11013606,17.05509252,51.1078565,17.04563742
874547,MPK Autobusy,149,18:07:00,18:10:00,most Grunwaldzki,PL. GRUNWALDZKI,51.11013327,17.0555734,51.11218871,17.06335752
874550,MPK Autobusy,149,18:34:00,18:36:00,most Grunwaldzki,Poczta Główna,51.11013606,17.05509252,51.1078565,17.04563742
874590,MPK Autobusy,149,19:52:00,19:55:00,most Grunwaldzki,PL. GRUNWALDZKI,51.11013327,17.0555734,51.11218871,17.06335752
874593,MPK Autobusy,149,20:30:00,20:32:00,most Grunwaldzki,Poczta Główna,51.11013606,17.05509252,51.1078565,17.04563742
874633,MPK Autobusy,149,21:37:00,21:40:00,most Grunwaldzki,PL. GRUNWALDZKI,51.11013327,17.0555734,51.11218871,17.06335752
874636,MPK Autobusy,149,22:30:00,22:32:00,most Grunwaldzki,Poczta Główna,51.11013606,17.05509252,51.1078565,17.04563742
874676,MPK Autobusy,149,06:52:00,06:55:00,most Grunwaldzki,PL. GRUNWALDZKI,51.11013327,17.0555734,51.11218871,17.06335752
874679,MPK Autobusy,149,07:16:00,07:18:00,most Grunwaldzki,Poczta Główna,51.11013606,17.05509252,51.1078565,17.04563742
874719,MPK Autobusy,149,08:52:00,08:55:00,most Grunwaldzki,PL. GRUNWALDZKI,51.11013327,17.0555734,51.11218871,17.06335752
874722,MPK Autobusy,149,09:10:00,09:12:00,most Grunwaldzki,Poczta Główna,51.11013606,17.05509252,51.1078565,17.04563742
874762,MPK Autobusy,149,10:53:00,10:56:00,most Grunwaldzki,PL. GRUNWALDZKI,51.11013327,17.0555734,51.11218871,17.06335752
874765,MPK Autobusy,149,11:09:00,11:11:00,most Grunwaldzki,Poczta Główna,51.11013606,17.05509252,51.1078565,17.04563742
874805,MPK Autobusy,149,12:53:00,12:56:00,most Grunwaldzki,PL. GRUNWALDZKI,51.11013327,17.0555734,51.11218871,17.06335752
874808,MPK Autobusy,149,13:19:00,13:21:00,most Grunwaldzki,Poczta Główna,51.11013606,17.05509252,51.1078565,17.04563742
874848,MPK Autobusy,149,14:37:00,14:40:00,most Grunwaldzki,PL. GRUNWALDZKI,51.11013327,17.0555734,51.11218871,17.06335752
874851,MPK Autobusy,149,15:13:00,15:16:00,most Grunwaldzki,Poczta Główna,51.11013606,17.05509252,51.1078565,17.04563742
874891,MPK Autobusy,149,16:39:00,16:43:00,most Grunwaldzki,PL. GRUNWALDZKI,51.11013327,17.0555734,51.11218871,17.06335752
874894,MPK Autobusy,149,17:14:00,17:17:00,most Grunwaldzki,Poczta Główna,51.11013606,17.05509252,51.1078565,17.04563742
874934,MPK Autobusy,149,18:30:00,18:33:00,most Grunwaldzki,PL. GRUNWALDZKI,51.11013327,17.0555734,51.11218871,17.06335752
874937,MPK Autobusy,149,19:04:00,19:06:00,most Grunwaldzki,Poczta Główna,51.11013606,17.05509252,51.1078565,17.04563742
874977,MPK Autobusy,149,20:19:00,20:22:00,most Grunwaldzki,PL. GRUNWALDZKI,51.11013327,17.0555734,51.11218871,17.06335752
874980,MPK Autobusy,149,21:00:00,21:02:00,most Grunwaldzki,Poczta Główna,51.11013606,17.05509252,51.1078565,17.04563742
875020,MPK Autobusy,149,22:07:00,22:10:00,most Grunwaldzki,PL. GRUNWALDZKI,51.11013327,17.0555734,51.11218871,17.06335752
875023,MPK Autobusy,149,22:45:00,22:47:00,most Grunwaldzki,Poczta Główna,51.11013606,17.05509252,51.1078565,17.04563742
